{"metadata":{"asset_id":"2b4932df-2bc4-43f0-9e68-82abbb172ed0","asset_attributes":["wml_pipeline"],"name":"insurance-project","asset_type":"wml_pipeline","created_at":"2020-10-19T04:45:36Z","description":"","origin_country":"us","owner_id":"IBMid-550005P15A","project_id":"88d1e74e-2c6f-4087-9033-e7cd1ead0e52","sandbox_id":"88d1e74e-2c6f-4087-9033-e7cd1ead0e52","size":0,"tags":["dsx-project.88d1e74e-2c6f-4087-9033-e7cd1ead0e52"],"usage":{"last_update_time":1603082736574,"last_updated_at":"2020-10-19T04:45:36Z"}},"entity":{"wml_pipeline":{"document":{"doc_type":"pipeline","pipelines":[{"id":"autoai","nodes":[{"id":"automl","op":"kube","parameters":{"input_file_separator":",","optimization":{"compute_pipeline_notebooks_flag":true,"daub_adaptive_subsampling_max_mem_usage":15000000000,"holdout_param":0.15,"label":"expenses","learning_type":"regression","max_num_daub_ensembles":2,"run_cognito_flag":true,"scorer_for_ranking":"neg_root_mean_squared_error"},"output_logs":true,"stage_flag":true},"runtime_ref":"autoai","type":"execution_node"}],"runtime_ref":"hybrid"}],"primary_pipeline":"autoai","runtimes":[{"app_data":{"wml_data":{"hardware_spec":{"base_id":"a6c4923b-b8e4-444c-9f43-8a7ec3020110","name":"L"}}},"id":"autoai","name":"auto_ai.kb"}],"version":"2.0"},"ml_version":"4.0.0"}}}
