{"metadata":{"asset_id":"3d7362ce-6dd0-45c4-9502-851d8ce4211a","asset_attributes":["wml_model"],"name":"insurance-project - P7 RandomForestRegressorEstimator","asset_type":"wml_model","created_at":"2020-10-19T08:32:56Z","description":"","origin_country":"us","owner_id":"IBMid-550005P15A","project_id":"88d1e74e-2c6f-4087-9033-e7cd1ead0e52","sandbox_id":"88d1e74e-2c6f-4087-9033-e7cd1ead0e52","size":596269,"tags":[],"usage":{"last_update_time":1603096387186,"last_updated_at":"2020-10-19T08:33:07Z"}},"entity":{"wml_model":{"hybrid_pipeline_software_specs":[{"base_id":"632d4b22-10aa-5180-88f0-f52dfb6444d7","name":"autoai-kb_3.1-py3.7"}],"pipeline":{"id":"2b4932df-2bc4-43f0-9e68-82abbb172ed0"},"ml_version":"4.0.1","type":"wml-hybrid_0.1","schemas":{"input":[{"fields":[{"name":"age","type":"integer"},{"name":"sex","type":"other"},{"name":"bmi","type":"double"},{"name":"children","type":"integer"},{"name":"smoker","type":"other"},{"name":"region","type":"other"}],"id":"auto_ai_kb_input_schema"}],"output":[]},"content_location":{"connection":{"access_key_id":"7578039692044796a74614b5897aa5b1","endpoint_url":"https://s3-api.us-geo.objectstorage.softlayer.net","secret_access_key":"60eb65fc80181978a6ba564f9bf9639663ddf68459ebab05","accessKeyId":"7578039692044796a74614b5897aa5b1"},"contents":[{"content_format":"native","file_name":"pipeline_model.json","location":"auto_ml/3e9122e0-e49d-4754-969f-1378d8e06649/wml_data/d8fab766-0613-4787-9244-640c571fa524/assets/d8fab766-0613-4787-9244-640c571fa524_P7_cognito_output/resources/wml_model/pipeline_model.json"},{"content_format":"pipeline-node","file_name":"P7_automl.zip","location":"auto_ml/3e9122e0-e49d-4754-969f-1378d8e06649/wml_data/d8fab766-0613-4787-9244-640c571fa524/assets/d8fab766-0613-4787-9244-640c571fa524_P7_cognito_output/resources/wml_model/P7_automl.zip","pipeline_node_id":"automl"},{"content_format":"native","file_name":"pipeline_model.json","location":"auto_ml/3e9122e0-e49d-4754-969f-1378d8e06649/wml_data/d8fab766-0613-4787-9244-640c571fa524/assets/d8fab766-0613-4787-9244-640c571fa524_P7_cognito_output/resources/wml_model/pipeline_model.json"}],"location":{"path":"auto_ml/3e9122e0-e49d-4754-969f-1378d8e06649/wml_data","training":"auto_ml/3e9122e0-e49d-4754-969f-1378d8e06649/wml_data/d8fab766-0613-4787-9244-640c571fa524","training_status":"auto_ml/3e9122e0-e49d-4754-969f-1378d8e06649/wml_data/d8fab766-0613-4787-9244-640c571fa524/training-status.json","bucket":"insuranceproject-donotdelete-pr-nobeyzifr2mjpd","type":"s3","assets_path":"auto_ml/3e9122e0-e49d-4754-969f-1378d8e06649/wml_data/d8fab766-0613-4787-9244-640c571fa524/assets"},"type":"s3"},"training_data_references":[{"connection":{"endpoint_url":"https://s3-api.us-geo.objectstorage.softlayer.net","auth_endpoint":"https://iam.bluemix.net/oidc/token/","api_key":"HgCDG8fHLwg6DvXJmKq_IB41b9gRlz0TmnySNEZyBiJ2","secret_access_key":"60eb65fc80181978a6ba564f9bf9639663ddf68459ebab05","access_key_id":"7578039692044796a74614b5897aa5b1","service_instance_id":"iam-ServiceId-52c255c6-1cf0-442e-a335-b215097f08af"},"location":{"bucket":"insuranceproject-donotdelete-pr-nobeyzifr2mjpd","path":"insurance.csv","type":"s3"},"type":"s3"}],"software_spec":{"base_id":"8c1a58c6-62b5-4dc4-987a-df751c2756b6","name":"hybrid_0.1"},"content_import_state":"completed"}},"attachments":[{"id":"de4dbe50-03a6-4add-8511-1bbce553306f","version":2,"asset_type":"wml_model","name":"P7_automl.zip","datasource_type":"193a97c1-4475-4a19-b90c-295c4fdc6517","creator_id":"IBMid-550005P15A","create_time":1603096381087,"size":594779,"is_remote":false,"is_managed":true,"is_referenced":false,"is_object_key_read_only":false,"is_user_provided_path_key":false,"transfer_complete":true,"is_partitioned":false,"complete_time_ticks":1603096383198,"user_data":{"content_format":"pipeline-node","pipeline_node_id":"automl"},"test_doc":0,"handle":{"bucket":"insuranceproject-donotdelete-pr-nobeyzifr2mjpd","location":"us-geo","type":"bluemix_cos","key":"aa9dde65-cf34-4fee-b550-e9dafbb8c537/3d7362ce-6dd0-45c4-9502-851d8ce4211a/de4dbe50-03a6-4add-8511-1bbce553306f","upload_id":"done","max_part_num":1},"usage":{"access_count":0,"last_accessor_id":"IBMid-550005P15A","last_access_time":1603096381087}},{"id":"07ff03f0-174d-423b-b4f5-c63714762d15","version":2,"asset_type":"wml_model","name":"pipeline_model.json","datasource_type":"193a97c1-4475-4a19-b90c-295c4fdc6517","creator_id":"IBMid-550005P15A","create_time":1603096385240,"size":1490,"is_remote":false,"is_managed":true,"is_referenced":false,"is_object_key_read_only":false,"is_user_provided_path_key":false,"transfer_complete":true,"is_partitioned":false,"complete_time_ticks":1603096387032,"user_data":{"content_format":"native"},"test_doc":0,"handle":{"bucket":"insuranceproject-donotdelete-pr-nobeyzifr2mjpd","location":"us-geo","type":"bluemix_cos","key":"aa9dde65-cf34-4fee-b550-e9dafbb8c537/3d7362ce-6dd0-45c4-9502-851d8ce4211a/07ff03f0-174d-423b-b4f5-c63714762d15","upload_id":"done","max_part_num":1},"usage":{"access_count":0,"last_accessor_id":"IBMid-550005P15A","last_access_time":1603096385240}}]}
